<?xml version="1.0" ?>
<LOG_ROOT>
	<PROJECT NAME="GPU">
		<CBX_INST_ENTRY INSTANCE_NAME="|GPU|sseg:inst5|lpm_mux:Mux3" CBX_FILE_NAME="mux_joc.tdf"/>
		<CBX_INST_ENTRY INSTANCE_NAME="|GPU|sseg:inst5|lpm_mux:Mux4" CBX_FILE_NAME="mux_joc.tdf"/>
		<CBX_INST_ENTRY INSTANCE_NAME="|GPU|4to16decoder:inst3|decodBlock:inst3|decodModified:inst1|lpm_mux:Mux3" CBX_FILE_NAME="mux_3nc.tdf"/>
		<CBX_INST_ENTRY INSTANCE_NAME="|GPU|4to16decoder:inst3|decodBlock:inst3|decodModified:inst|lpm_mux:Mux0" CBX_FILE_NAME="mux_3nc.tdf"/>
		<CBX_INST_ENTRY INSTANCE_NAME="|GPU|4to16decoder:inst3|decodBlock:inst4|decodModified:inst1|lpm_mux:Mux2" CBX_FILE_NAME="mux_3nc.tdf"/>
		<CBX_INST_ENTRY INSTANCE_NAME="|GPU|4to16decoder:inst3|decodBlock:inst4|decodModified:inst|lpm_mux:Mux3" CBX_FILE_NAME="mux_3nc.tdf"/>
		<CBX_INST_ENTRY INSTANCE_NAME="|GPU|sseg:inst5|lpm_mux:Mux1" CBX_FILE_NAME="mux_joc.tdf"/>
		<CBX_INST_ENTRY INSTANCE_NAME="|GPU|sseg:inst5|lpm_mux:Mux5" CBX_FILE_NAME="mux_joc.tdf"/>
		<CBX_INST_ENTRY INSTANCE_NAME="|GPU|4to16decoder:inst3|decodBlock:inst3|decodModified:inst1|lpm_mux:Mux0" CBX_FILE_NAME="mux_3nc.tdf"/>
		<CBX_INST_ENTRY INSTANCE_NAME="|GPU|4to16decoder:inst3|decodBlock:inst3|decodModified:inst|lpm_mux:Mux1" CBX_FILE_NAME="mux_3nc.tdf"/>
		<CBX_INST_ENTRY INSTANCE_NAME="|GPU|4to16decoder:inst3|decodBlock:inst4|decodModified:inst1|lpm_mux:Mux3" CBX_FILE_NAME="mux_3nc.tdf"/>
		<CBX_INST_ENTRY INSTANCE_NAME="|GPU|4to16decoder:inst3|decodBlock:inst4|decodModified:inst|lpm_mux:Mux0" CBX_FILE_NAME="mux_3nc.tdf"/>
		<CBX_INST_ENTRY INSTANCE_NAME="|GPU|sseg:inst5|lpm_mux:Mux2" CBX_FILE_NAME="mux_joc.tdf"/>
		<CBX_INST_ENTRY INSTANCE_NAME="|GPU|sseg:inst5|lpm_mux:Mux6" CBX_FILE_NAME="mux_joc.tdf"/>
		<CBX_INST_ENTRY INSTANCE_NAME="|GPU|4to16decoder:inst3|decodBlock:inst3|decodModified:inst1|lpm_mux:Mux1" CBX_FILE_NAME="mux_3nc.tdf"/>
		<CBX_INST_ENTRY INSTANCE_NAME="|GPU|4to16decoder:inst3|decodBlock:inst3|decodModified:inst|lpm_mux:Mux2" CBX_FILE_NAME="mux_3nc.tdf"/>
		<CBX_INST_ENTRY INSTANCE_NAME="|GPU|4to16decoder:inst3|decodBlock:inst4|decodModified:inst1|lpm_mux:Mux0" CBX_FILE_NAME="mux_3nc.tdf"/>
		<CBX_INST_ENTRY INSTANCE_NAME="|GPU|4to16decoder:inst3|decodBlock:inst4|decodModified:inst|lpm_mux:Mux1" CBX_FILE_NAME="mux_3nc.tdf"/>
		<CBX_INST_ENTRY INSTANCE_NAME="|GPU|4to16decoder:inst3|decodBlock:inst3|decodModified:inst1|lpm_mux:Mux2" CBX_FILE_NAME="mux_3nc.tdf"/>
		<CBX_INST_ENTRY INSTANCE_NAME="|GPU|4to16decoder:inst3|decodBlock:inst3|decodModified:inst|lpm_mux:Mux3" CBX_FILE_NAME="mux_3nc.tdf"/>
		<CBX_INST_ENTRY INSTANCE_NAME="|GPU|4to16decoder:inst3|decodBlock:inst4|decodModified:inst1|lpm_mux:Mux1" CBX_FILE_NAME="mux_3nc.tdf"/>
		<CBX_INST_ENTRY INSTANCE_NAME="|GPU|4to16decoder:inst3|decodBlock:inst4|decodModified:inst|lpm_mux:Mux2" CBX_FILE_NAME="mux_3nc.tdf"/>
		<CBX_INST_ENTRY INSTANCE_NAME="|GPU|sseg:inst5|lpm_mux:Mux0" CBX_FILE_NAME="mux_joc.tdf"/>
	</PROJECT>
</LOG_ROOT>
