<?xml version="1.0" ?>
<LOG_ROOT>
	<PROJECT NAME="lab6_P1">
		<CBX_INST_ENTRY INSTANCE_NAME="|lab6_P3|dec4to16:inst2|lpm_mux:Mux3" CBX_FILE_NAME="mux_ioc.tdf"/>
		<CBX_INST_ENTRY INSTANCE_NAME="|lab6_P3|sseg_invert:inst3|lpm_mux:Mux3" CBX_FILE_NAME="mux_joc.tdf"/>
		<CBX_INST_ENTRY INSTANCE_NAME="|lab6_P3|dec4to16:inst2|lpm_mux:Mux0" CBX_FILE_NAME="mux_ioc.tdf"/>
		<CBX_INST_ENTRY INSTANCE_NAME="|lab6_P3|dec4to16:inst2|lpm_mux:Mux4" CBX_FILE_NAME="mux_ioc.tdf"/>
		<CBX_INST_ENTRY INSTANCE_NAME="|lab6_P3|dec4to16:inst2|lpm_mux:Mux8" CBX_FILE_NAME="mux_ioc.tdf"/>
		<CBX_INST_ENTRY INSTANCE_NAME="|lab6_P3|sseg_invert:inst3|lpm_mux:Mux0" CBX_FILE_NAME="mux_joc.tdf"/>
		<CBX_INST_ENTRY INSTANCE_NAME="|lab6_P3|sseg_invert:inst3|lpm_mux:Mux4" CBX_FILE_NAME="mux_joc.tdf"/>
		<CBX_INST_ENTRY INSTANCE_NAME="|lab6_P3|dec4to16:inst2|lpm_mux:Mux1" CBX_FILE_NAME="mux_ioc.tdf"/>
		<CBX_INST_ENTRY INSTANCE_NAME="|lab6_P3|dec4to16:inst2|lpm_mux:Mux5" CBX_FILE_NAME="mux_ioc.tdf"/>
		<CBX_INST_ENTRY INSTANCE_NAME="|lab6_P3|dec4to16:inst2|lpm_mux:Mux9" CBX_FILE_NAME="mux_ioc.tdf"/>
		<CBX_INST_ENTRY INSTANCE_NAME="|lab6_P3|sseg_invert:inst3|lpm_mux:Mux1" CBX_FILE_NAME="mux_joc.tdf"/>
		<CBX_INST_ENTRY INSTANCE_NAME="|lab6_P3|sseg_invert:inst3|lpm_mux:Mux5" CBX_FILE_NAME="mux_joc.tdf"/>
		<CBX_INST_ENTRY INSTANCE_NAME="|lab6_P3|dec4to16:inst2|lpm_mux:Mux2" CBX_FILE_NAME="mux_ioc.tdf"/>
		<CBX_INST_ENTRY INSTANCE_NAME="|lab6_P3|dec4to16:inst2|lpm_mux:Mux6" CBX_FILE_NAME="mux_ioc.tdf"/>
		<CBX_INST_ENTRY INSTANCE_NAME="|lab6_P3|sseg_invert:inst3|lpm_mux:Mux2" CBX_FILE_NAME="mux_joc.tdf"/>
		<CBX_INST_ENTRY INSTANCE_NAME="|lab6_P3|sseg_invert:inst3|lpm_mux:Mux6" CBX_FILE_NAME="mux_joc.tdf"/>
		<CBX_INST_ENTRY INSTANCE_NAME="|lab6_P3|dec4to16:inst2|lpm_mux:Mux7" CBX_FILE_NAME="mux_ioc.tdf"/>
	</PROJECT>
</LOG_ROOT>
